
Detailed
 ==================== 
Intensity Mean,Unit,Category,Channel,Image,Time,ID,
219.128,,Surface,2,Image 1,1,0,
132.503,,Surface,2,Image 1,1,2,
136.276,,Surface,2,Image 1,1,3,
155.241,,Surface,2,Image 1,1,4,
294.462,,Surface,2,Image 1,1,5,
145.936,,Surface,2,Image 1,1,6,
182.212,,Surface,2,Image 1,1,7,
274.96,,Surface,2,Image 1,1,9,
299.27,,Surface,2,Image 1,1,10,
250.421,,Surface,2,Image 1,1,11,
225.45,,Surface,2,Image 1,1,12,
178.161,,Surface,2,Image 1,1,13,
225.874,,Surface,2,Image 1,1,14,
303.018,,Surface,2,Image 1,1,15,
192.378,,Surface,2,Image 1,1,16,
202.276,,Surface,2,Image 1,1,17,
297.99,,Surface,2,Image 1,1,18,
340.728,,Surface,2,Image 1,1,19,
179.251,,Surface,2,Image 1,1,20,
277.194,,Surface,2,Image 1,1,21,
238.547,,Surface,2,Image 1,1,22,
283.093,,Surface,2,Image 1,1,23,
232.971,,Surface,2,Image 1,1,24,
240.052,,Surface,2,Image 1,1,26,
174.742,,Surface,2,Image 1,1,27,
190.014,,Surface,2,Image 1,1,28,
154.111,,Surface,2,Image 1,1,29,
342.835,,Surface,2,Image 1,1,30,
191.266,,Surface,2,Image 1,1,31,
163.871,,Surface,2,Image 1,1,32,
247.699,,Surface,2,Image 1,1,33,
278.069,,Surface,2,Image 1,1,34,
194.444,,Surface,2,Image 1,1,35,
170.122,,Surface,2,Image 1,1,36,
201.594,,Surface,2,Image 1,1,37,
248.848,,Surface,2,Image 1,1,38,
196.883,,Surface,2,Image 1,1,39,
142.924,,Surface,2,Image 1,1,40,
160.391,,Surface,2,Image 1,1,41,
133.779,,Surface,2,Image 1,1,42,
143.265,,Surface,2,Image 1,1,43,
177.799,,Surface,2,Image 1,1,44,
222.782,,Surface,2,Image 1,1,45,
213.498,,Surface,2,Image 1,1,46,
168.025,,Surface,2,Image 1,1,47,
191.154,,Surface,2,Image 1,1,48,
238.572,,Surface,2,Image 1,1,49,
301.185,,Surface,2,Image 1,1,50,
212.417,,Surface,2,Image 1,1,51,
201.699,,Surface,2,Image 1,1,52,
194.319,,Surface,2,Image 1,1,53,
221.197,,Surface,2,Image 1,1,54,
178.717,,Surface,2,Image 1,1,55,
408.135,,Surface,2,Image 1,1,56,
286.493,,Surface,2,Image 1,1,57,
208.082,,Surface,2,Image 1,1,58,
309.241,,Surface,2,Image 1,1,59,
349.298,,Surface,2,Image 1,1,60,
433.697,,Surface,2,Image 1,1,61,
343.022,,Surface,2,Image 1,1,62,
322.36,,Surface,2,Image 1,1,63,
297.103,,Surface,2,Image 1,1,64,
204.724,,Surface,2,Image 1,1,65,
197.239,,Surface,2,Image 1,1,66,
146.367,,Surface,2,Image 1,1,67,
179.512,,Surface,2,Image 1,1,68,
149.862,,Surface,2,Image 1,1,69,
167.294,,Surface,2,Image 1,1,70,
245.728,,Surface,2,Image 1,1,71,
169.381,,Surface,2,Image 1,1,72,
293.25,,Surface,2,Image 1,1,73,
341.272,,Surface,2,Image 1,1,74,
287.236,,Surface,2,Image 1,1,75,
229.853,,Surface,2,Image 1,1,76,
247.589,,Surface,2,Image 1,1,77,
298.091,,Surface,2,Image 1,1,78,
301.877,,Surface,2,Image 1,1,79,
359.425,,Surface,2,Image 1,1,80,
158.136,,Surface,2,Image 1,1,81,
146.319,,Surface,2,Image 1,1,82,
145.436,,Surface,2,Image 1,1,83,
148.368,,Surface,2,Image 1,1,84,
154.891,,Surface,2,Image 1,1,85,
357.464,,Surface,2,Image 1,1,86,
229.934,,Surface,2,Image 1,1,87,
412.911,,Surface,2,Image 1,1,88,
366.213,,Surface,2,Image 1,1,89,
342.415,,Surface,2,Image 1,1,90,
174.498,,Surface,2,Image 1,1,91,
186.598,,Surface,2,Image 1,1,92,
146.546,,Surface,2,Image 1,1,93,
289.658,,Surface,2,Image 1,1,94,
378.9,,Surface,2,Image 1,1,95,
407.697,,Surface,2,Image 1,1,96,
293.059,,Surface,2,Image 1,1,97,
312.04,,Surface,2,Image 1,1,98,
153.852,,Surface,2,Image 1,1,99,
180.019,,Surface,2,Image 1,1,100,
257.774,,Surface,2,Image 1,1,101,
254.483,,Surface,2,Image 1,1,102,
242.367,,Surface,2,Image 1,1,103,
230.353,,Surface,2,Image 1,1,104,
289.34,,Surface,2,Image 1,1,105,
136.415,,Surface,2,Image 1,1,106,
157.616,,Surface,2,Image 1,1,107,
147.842,,Surface,2,Image 1,1,108,
157.069,,Surface,2,Image 1,1,109,
163.776,,Surface,2,Image 1,1,110,
434.07,,Surface,2,Image 1,1,111,
305.312,,Surface,2,Image 1,1,112,
329.771,,Surface,2,Image 1,1,113,
191.913,,Surface,2,Image 1,1,114,
168.503,,Surface,2,Image 1,1,115,
142.308,,Surface,2,Image 1,1,116,
212.617,,Surface,2,Image 1,1,117,
190.872,,Surface,2,Image 1,1,118,
247.118,,Surface,2,Image 1,1,119,
161.871,,Surface,2,Image 1,1,120,
166.858,,Surface,2,Image 1,1,121,
197.287,,Surface,2,Image 1,1,122,
366.253,,Surface,2,Image 1,1,123,
354.51,,Surface,2,Image 1,1,124,
337.014,,Surface,2,Image 1,1,125,
322.746,,Surface,2,Image 1,1,126,
198.535,,Surface,2,Image 1,1,127,
395.088,,Surface,2,Image 1,1,128,
279.843,,Surface,2,Image 1,1,129,
233.081,,Surface,2,Image 1,1,130,
199.225,,Surface,2,Image 1,1,131,
150.737,,Surface,2,Image 1,1,132,
198.684,,Surface,2,Image 1,1,133,
241.068,,Surface,2,Image 1,1,134,
336,,Surface,2,Image 1,1,135,
325,,Surface,2,Image 1,1,136,
265,,Surface,2,Image 1,1,137,
218,,Surface,2,Image 1,1,138,
230,,Surface,2,Image 1,1,139,
217.624,,Surface,2,Image 1,1,140,
175,,Surface,2,Image 1,1,141,
136.369,,Surface,2,Image 1,1,143,
147.893,,Surface,2,Image 1,1,144,
311,,Surface,2,Image 1,1,145,
163.565,,Surface,2,Image 1,1,146,
154.53,,Surface,2,Image 1,1,147,
359,,Surface,2,Image 1,1,148,
85.5409,,Surface,2,Image 1,1,149,
