
Detailed
 ==================== 
Position X,Position Y,Position Z,Unit,Category,Collection,Time,ID,
96.9808,124.572,58.8234,um,Surface,Position,1,0,
102.884,116.441,66.4928,um,Surface,Position,1,2,
86.5136,133.738,57.4602,um,Surface,Position,1,3,
88.8386,130.619,63.8809,um,Surface,Position,1,4,
93.3073,129.507,58.2589,um,Surface,Position,1,5,
93.4478,125.62,64.613,um,Surface,Position,1,6,
81.9118,136.558,61.444,um,Surface,Position,1,7,
115.253,88.0173,59.0033,um,Surface,Position,1,9,
123.541,85.8476,58.5337,um,Surface,Position,1,10,
129.254,88.1333,66.4134,um,Surface,Position,1,11,
115.734,94.6381,58.476,um,Surface,Position,1,12,
124.043,101.267,57.1936,um,Surface,Position,1,13,
129.888,92.8248,58.861,um,Surface,Position,1,14,
121.095,94.7668,62.8187,um,Surface,Position,1,15,
125.686,92.0445,67.3344,um,Surface,Position,1,16,
117.085,108.374,60.1652,um,Surface,Position,1,17,
138.125,67.9374,60.2193,um,Surface,Position,1,18,
133.046,67.4579,61.7147,um,Surface,Position,1,19,
64.0054,74.5389,57.1131,um,Surface,Position,1,20,
125.948,71.7989,61.7539,um,Surface,Position,1,21,
136.725,76.2476,58.0372,um,Surface,Position,1,22,
130.927,70.7665,59.767,um,Surface,Position,1,23,
135.607,71.6135,65.8595,um,Surface,Position,1,24,
126.198,45.4716,63.0754,um,Surface,Position,1,26,
125.941,39.8837,66.2338,um,Surface,Position,1,27,
113.204,56.1973,59.8456,um,Surface,Position,1,28,
124.853,53.9344,73.8139,um,Surface,Position,1,29,
131.254,57.8471,60.773,um,Surface,Position,1,30,
132.906,56.1779,69.7077,um,Surface,Position,1,31,
121.001,32.0088,64.2176,um,Surface,Position,1,32,
128.565,43.4953,57.12,um,Surface,Position,1,33,
117.562,103.091,41.3992,um,Surface,Position,1,34,
110.698,109.828,42.671,um,Surface,Position,1,35,
118.37,109.418,49.4191,um,Surface,Position,1,36,
112.31,110.764,53.2714,um,Surface,Position,1,37,
118.637,104.635,53.0643,um,Surface,Position,1,38,
113.053,106.591,53.5383,um,Surface,Position,1,39,
91.8513,121.068,44.9609,um,Surface,Position,1,40,
96.609,122.149,47.3885,um,Surface,Position,1,41,
91.6155,124.562,53.1103,um,Surface,Position,1,42,
101.105,116.971,43.5205,um,Surface,Position,1,43,
106.914,118.596,49.0532,um,Surface,Position,1,44,
101.626,120.594,52.0711,um,Surface,Position,1,45,
103.922,115.568,52.9578,um,Surface,Position,1,46,
110.387,116.436,55.1319,um,Surface,Position,1,47,
70.6048,81.4749,45.4443,um,Surface,Position,1,48,
76.8514,90.2759,45.7044,um,Surface,Position,1,49,
83.3181,89.2282,45.3761,um,Surface,Position,1,50,
91.0459,80.6412,46.8675,um,Surface,Position,1,51,
94.9335,81.5767,44.0292,um,Surface,Position,1,52,
92.5841,89.115,44.0921,um,Surface,Position,1,53,
90.6308,84.8229,44.5069,um,Surface,Position,1,54,
95.8177,86.8281,52.452,um,Surface,Position,1,55,
106.969,87.7692,37.2957,um,Surface,Position,1,56,
104.143,90.6618,39.798,um,Surface,Position,1,57,
99.682,87.3907,42.7187,um,Surface,Position,1,58,
112.543,91.4645,51.1439,um,Surface,Position,1,59,
125.422,87.2549,36.9652,um,Surface,Position,1,60,
123.606,91.0993,43.5328,um,Surface,Position,1,61,
125.697,83.0265,46.482,um,Surface,Position,1,62,
131.109,82.6672,38.5229,um,Surface,Position,1,63,
133.011,84.9802,47.0834,um,Surface,Position,1,64,
83.8272,97.8535,46.7524,um,Surface,Position,1,65,
80.2418,99.2883,53.1254,um,Surface,Position,1,66,
97.21,93.7168,44.8683,um,Surface,Position,1,67,
89.6855,95.1125,49.0801,um,Surface,Position,1,68,
103.371,100.415,39.0468,um,Surface,Position,1,69,
101.58,94.2809,40.897,um,Surface,Position,1,70,
108.327,101.961,40.9889,um,Surface,Position,1,71,
103.015,98.6702,49.2702,um,Surface,Position,1,72,
120.064,96.1126,39.0924,um,Surface,Position,1,73,
111.957,92.0807,41.0158,um,Surface,Position,1,74,
113.986,97.4404,41.0322,um,Surface,Position,1,75,
111.984,101.06,48.5703,um,Surface,Position,1,76,
118.697,99.2522,49.2548,um,Surface,Position,1,77,
124.815,98.4478,44.9166,um,Surface,Position,1,78,
129.398,91.9887,50.3089,um,Surface,Position,1,79,
122.742,94.7828,52.6368,um,Surface,Position,1,80,
53.3842,62.9858,41.9006,um,Surface,Position,1,81,
61.6035,61.6348,52.7787,um,Surface,Position,1,82,
89.7543,60.8764,45.1993,um,Surface,Position,1,83,
92.7635,66.1286,51.4559,um,Surface,Position,1,84,
107.251,60.399,38.6831,um,Surface,Position,1,85,
129.176,62.0048,52.5122,um,Surface,Position,1,86,
126.782,66.4924,55.4936,um,Surface,Position,1,87,
131.328,62.2954,40.9423,um,Surface,Position,1,88,
133.192,63.3848,48.6236,um,Surface,Position,1,89,
132.12,68.0801,52.4788,um,Surface,Position,1,90,
-6.45376,80.4455,51.2781,um,Surface,Position,1,91,
79.2629,76.1345,42.5552,um,Surface,Position,1,92,
96.2281,75.2506,49.204,um,Surface,Position,1,93,
115.606,78.525,49.0137,um,Surface,Position,1,94,
121.095,79.3473,38.2194,um,Surface,Position,1,95,
128.108,76.5699,38.1843,um,Surface,Position,1,96,
120.582,70.891,41.3632,um,Surface,Position,1,97,
134.798,71.7498,55.0619,um,Surface,Position,1,98,
81.4926,46.3688,42.7736,um,Surface,Position,1,99,
106.156,41.2935,44.2188,um,Surface,Position,1,100,
117.896,39.4776,37.4592,um,Surface,Position,1,101,
110.416,37.5359,41.8463,um,Surface,Position,1,102,
120.69,43.4852,42.3113,um,Surface,Position,1,103,
122.268,37.8193,46.0008,um,Surface,Position,1,104,
126.917,41.9844,47.026,um,Surface,Position,1,105,
47.4238,58.2803,41.7921,um,Surface,Position,1,106,
43.9622,52.5504,43.7046,um,Surface,Position,1,107,
55.332,50.1973,40.4117,um,Surface,Position,1,108,
74.3094,51.4719,37.4746,um,Surface,Position,1,109,
86.8038,49.2219,37.6657,um,Surface,Position,1,110,
129.558,58.3231,41.8448,um,Surface,Position,1,111,
134.562,53.285,47.8789,um,Surface,Position,1,112,
135.777,57.8375,52.7249,um,Surface,Position,1,113,
70.9498,37.7361,38.7368,um,Surface,Position,1,114,
78.7,33.0541,44.8428,um,Surface,Position,1,115,
98.5793,36.0406,54.275,um,Surface,Position,1,116,
112.994,33.1352,39.5515,um,Surface,Position,1,117,
118.345,30.5828,52.2569,um,Surface,Position,1,118,
121.669,35.9628,40.9511,um,Surface,Position,1,119,
57.0321,46.0522,51.7177,um,Surface,Position,1,120,
103.26,114.599,40.0342,um,Surface,Position,1,121,
105.657,114.299,45.8679,um,Surface,Position,1,122,
117.202,90.2516,32.1247,um,Surface,Position,1,123,
118.693,88.1194,39.7704,um,Surface,Position,1,124,
137.738,69.4431,44.0664,um,Surface,Position,1,125,
135.494,77.6597,42.9069,um,Surface,Position,1,126,
115.143,80.9556,66.765,um,Surface,Position,1,127,
125.877,68.6432,37.2222,um,Surface,Position,1,128,
125.42,63.3914,39.6961,um,Surface,Position,1,129,
121.914,64.9622,35.8777,um,Surface,Position,1,130,
88.6192,90.2404,43.7682,um,Surface,Position,1,131,
103.122,65.1695,47.8272,um,Surface,Position,1,132,
123.811,96.7872,67.5745,um,Surface,Position,1,133,
88.8987,85.1307,59.4734,um,Surface,Position,1,134,
88.9789,88.6635,55.1682,um,Surface,Position,1,135,
89.3867,88.6643,55.46,um,Surface,Position,1,136,
89.6853,88.4934,56.0702,um,Surface,Position,1,137,
89.8452,88.1498,57.048,um,Surface,Position,1,138,
90.0052,87.8061,58.0257,um,Surface,Position,1,139,
88.6175,88.8037,59.5285,um,Surface,Position,1,140,
87.4765,85.6611,62.2019,um,Surface,Position,1,141,
102.078,91.7043,58.7913,um,Surface,Position,1,143,
106.235,89.6896,59.1974,um,Surface,Position,1,144,
108.277,89.91,63.2658,um,Surface,Position,1,145,
105.73,90.0309,64.952,um,Surface,Position,1,146,
100.61,120.902,63.5861,um,Surface,Position,1,147,
99.802,122.862,57.4509,um,Surface,Position,1,148,
96.155,118.002,67.811,um,Surface,Position,1,149,
